fault_id,fault_description,report_date,is_treatmented,treatment_date,reporter_employee_id,repaired_employee_id,facility_id
1,Own simple wear.,2021-07-16,1,2021-11-05,521,852,54
2,Rule hard yourself.,2022-01-18,1,2022-04-16,276,120,87
3,Letter parent.,2021-11-14,0,,95,,41
4,Later fast know.,2021-10-24,1,2021-12-06,641,892,64
5,Adult provide.,2021-03-14,0,,557,,75
6,High reveal follow.,2020-06-09,1,2021-06-03,486,97,74
7,Image those during.,2020-09-30,0,,625,,50
8,Rock none someone.,2021-09-09,0,,987,,80
9,Seem size treatment.,2021-08-07,1,2022-01-17,808,713,42
10,Magazine very whom.,2021-03-09,1,2021-08-20,40,405,28
11,Fast she bed.,2022-01-13,0,,63,,15
12,Sort her occur feel.,2022-04-13,0,,163,,96
13,Girl budget more.,2020-10-13,1,2021-09-08,921,9,98
14,Lose bit state.,2021-10-29,0,,558,,89
15,Second while.,2020-10-07,0,,260,,91
16,Back hit enter much.,2020-05-12,0,,943,,91
17,Approach meet food.,2021-12-06,1,2022-04-13,958,374,76
18,Single foot total.,2021-06-30,1,2022-04-26,86,248,95
19,Same institution.,2020-10-05,0,,656,,5
20,Minute usually up.,2022-04-24,0,,438,,59
21,Generation threat.,2021-05-07,1,2021-08-13,975,269,9
22,Seven phone east.,2021-01-21,0,,581,,14
23,Realize raise fish.,2021-02-02,1,2021-10-18,285,752,40
24,Across physical.,2020-10-29,1,2022-04-18,432,390,18
25,Hour listen.,2021-03-14,0,,3,,52
26,Local side these.,2021-03-30,0,,124,,73
27,Difficult century.,2020-07-29,1,2021-05-24,226,800,79
28,Whom spring mind.,2022-01-10,1,2022-01-31,890,542,4
29,Peace medical blood.,2021-09-02,0,,347,,14
30,Stay stop second.,2021-07-07,0,,851,,46
31,Language sometimes.,2022-03-02,1,2022-04-24,93,985,96
32,Available want.,2021-11-04,1,2022-01-02,173,36,11
33,South home player.,2021-09-09,0,,634,,95
34,Trouble wonder.,2021-03-11,0,,357,,4
35,Task medical born.,2021-09-12,1,2022-03-08,155,600,92
36,Room month class.,2022-01-13,1,2022-04-12,288,805,91
37,Wide need whom.,2022-02-26,1,2022-03-30,996,579,91
38,Body professional.,2021-06-23,1,2021-12-25,98,395,83
39,Opportunity but.,2020-10-09,1,2020-10-11,965,240,28
40,Key check fire form.,2021-11-19,1,2022-01-13,650,353,86
41,Miss address base.,2021-09-17,0,,990,,59
42,Beat development.,2022-04-05,0,,833,,87
43,Enter seem control.,2021-08-08,0,,876,,56
44,Always history.,2021-05-07,1,2021-07-17,497,142,93
45,Animal care happen.,2022-04-06,0,,678,,90
46,Get thing school.,2020-05-25,0,,71,,19
47,From should back.,2021-02-25,1,2022-01-16,415,178,91
48,Laugh name travel.,2020-07-22,1,2021-12-05,33,997,24
49,Often like address.,2022-01-16,1,2022-03-17,836,702,45
50,Draw yourself.,2020-05-31,1,2020-10-13,633,45,36
51,Administration.,2021-03-23,0,,513,,74
52,So vote account.,2021-11-10,1,2022-03-23,629,213,28
53,Over image task.,2021-10-16,1,2021-10-29,127,140,28
54,Outside five free.,2020-09-25,1,2021-09-04,754,886,78
55,Future industry.,2021-02-18,1,2022-02-05,442,911,37
56,Dream book us.,2021-11-28,0,,242,,8
57,Start weight so.,2021-10-17,1,2022-01-13,919,236,92
58,Moment cover.,2020-08-06,0,,916,,4
59,According recently.,2020-05-14,1,2021-02-12,923,209,14
60,Knowledge role.,2021-04-23,0,,140,,55
61,Daughter economy.,2021-07-05,0,,555,,100
62,Will authority.,2022-04-18,1,2022-04-22,571,677,17
63,Red party record.,2020-07-15,1,2021-03-17,729,142,8
64,Player southern.,2020-09-03,0,,592,,60
65,Local operation.,2022-02-24,1,2022-03-22,102,434,88
66,Perhaps individual.,2021-02-23,1,2021-08-19,931,656,11
67,Sort magazine.,2022-02-26,1,2022-02-28,944,897,26
68,Drug soon husband.,2021-03-09,0,,279,,66
69,Cause follow garden.,2020-05-03,0,,791,,2
70,Most analysis.,2021-11-15,1,2022-02-02,882,883,60
71,So church south.,2021-11-15,1,2021-11-23,861,871,41
72,Worker open notice.,2022-02-19,1,2022-04-16,650,229,60
73,Concern others year.,2021-05-26,1,2021-06-16,16,144,22
74,Goal so fall human.,2021-07-27,1,2021-11-20,190,13,7
75,Necessary matter.,2021-10-20,0,,805,,51
76,Politics almost.,2021-03-11,1,2022-02-22,292,863,22
77,Toward box billion.,2020-09-13,0,,934,,67
78,Successful night it.,2020-04-28,1,2021-05-06,896,662,11
79,Important.,2021-11-06,0,,145,,54
80,World cold.,2021-05-09,1,2022-01-22,164,656,59
81,Mention Mr wish.,2021-08-28,0,,749,,92
82,Memory mention.,2021-02-18,0,,252,,85
83,Law suggest just.,2020-10-11,0,,247,,49
84,Bag play with art.,2022-03-31,1,2022-04-27,296,445,24
85,Place mission.,2020-10-12,0,,381,,54
86,Big region thus.,2020-08-10,0,,302,,84
87,Ready another rise.,2021-05-20,0,,452,,64
88,Professional at.,2020-09-19,1,2020-11-15,686,721,16
89,Alone force.,2020-06-14,1,2022-04-09,158,835,56
90,Happen and heart.,2022-04-06,1,2022-04-12,858,813,41
91,What director price.,2021-03-21,1,2021-10-26,694,100,39
92,Which response.,2021-09-06,1,2021-10-24,85,502,16
93,Garden blood more.,2020-07-29,1,2022-03-06,798,264,44
94,Them speak American.,2021-07-11,0,,727,,76
95,Argue catch hand.,2020-08-17,1,2021-10-06,456,540,52
96,Style behind still.,2020-06-20,1,2022-01-02,632,31,76
97,Onto course civil.,2021-04-05,0,,956,,18
98,Degree soon loss.,2021-04-26,0,,813,,87
99,Speak understand.,2021-01-30,0,,863,,87
100,Whether edge local.,2021-05-01,1,2021-07-18,245,39,91
101,By film long issue.,2020-08-10,1,2021-09-03,846,804,80
102,Early tough or tree.,2020-12-13,1,2021-08-09,962,945,80
103,Address consider.,2022-01-22,1,2022-03-19,886,946,44
104,Condition series.,2020-05-18,0,,557,,68
105,Apply include child.,2020-08-18,1,2021-10-28,266,196,26
106,Across stuff.,2021-05-27,0,,986,,88
107,Benefit also future.,2022-01-30,1,2022-03-01,506,555,59
108,Church trade they.,2020-11-12,1,2021-02-02,410,143,44
109,Few already allow.,2021-05-31,1,2021-12-25,942,517,80
110,You scene serve.,2021-03-17,0,,705,,7
111,Energy skin should.,2022-01-11,0,,205,,70
112,Society line couple.,2022-04-07,1,2022-04-18,613,789,12
113,Identify director.,2022-04-17,0,,776,,48
114,Type find degree.,2022-03-25,0,,106,,83
115,Open clearly world.,2021-04-14,0,,590,,43
116,Run role within.,2021-04-03,0,,488,,6
117,Star across whole.,2021-11-27,1,2022-03-20,966,153,21
118,Approach child.,2020-11-29,0,,180,,35
119,Cover sometimes.,2020-10-15,1,2021-12-07,131,850,32
120,Lay nearly leave.,2021-03-13,0,,223,,80
121,Year ago treat.,2021-11-15,0,,559,,64
122,When you if.,2021-11-29,1,2022-03-13,904,560,94
123,Hold old might be.,2021-10-25,1,2022-01-13,484,133,22
124,Green my edge.,2021-03-27,0,,303,,79
125,Out so image cost.,2021-08-20,0,,539,,84
126,Beat history door.,2020-08-06,0,,974,,72
127,Adult despite open.,2021-06-03,0,,559,,36
128,Perform truth why.,2022-03-02,1,2022-04-21,773,535,83
129,Keep medical.,2021-08-19,0,,477,,95
130,Theory here but.,2020-07-11,0,,808,,6
131,Hot democratic.,2021-06-20,0,,919,,21
132,Age effort season.,2021-08-14,0,,612,,46
133,Involve number.,2021-06-12,1,2022-01-04,223,674,93
134,Full sense audience.,2020-06-26,0,,877,,29
135,Well whom property.,2020-07-23,1,2021-04-21,424,881,2
136,Sell crime feeling.,2020-09-21,0,,17,,65
137,Painting agency.,2021-05-15,1,2021-10-09,715,895,8
138,Hold late nature.,2021-02-09,0,,864,,15
139,Former exactly car.,2021-02-11,1,2022-04-19,222,910,7
140,Identify reduce.,2020-05-11,1,2021-03-20,410,189,33
141,Film decide world.,2020-05-12,1,2021-07-30,173,623,52
142,Art pass.,2022-04-20,0,,817,,10
143,Table indeed scene.,2022-01-09,0,,811,,35
144,Particularly I.,2021-03-18,1,2021-07-01,59,754,57
145,Let truth herself.,2020-09-10,0,,18,,48
146,Most director pick.,2021-06-09,0,,799,,81
147,Available walk road.,2020-06-01,1,2022-04-10,131,519,36
148,Economic buy the.,2020-09-10,1,2021-07-20,16,7,71
149,Woman laugh.,2021-11-07,1,2022-03-02,367,245,55
150,Reveal model.,2021-06-11,0,,228,,24
151,Out forget author.,2020-05-06,1,2021-07-08,332,358,82
152,American weight.,2020-04-27,0,,54,,84
153,Edge relate you all.,2021-12-13,0,,619,,75
154,Give health.,2021-10-09,0,,374,,76
155,Finally either tell.,2020-06-14,1,2022-03-12,773,825,7
156,Should bag fish.,2022-04-17,1,2022-04-22,887,793,18
157,Think night teach.,2021-07-04,1,2021-08-31,288,703,58
158,Against art per.,2020-11-09,0,,949,,69
159,Marriage.,2022-03-01,1,2022-04-23,571,965,74
160,Increase politics.,2021-03-03,1,2021-04-22,283,125,49
161,Nearly tonight.,2021-07-30,0,,462,,61
162,Recent daughter.,2020-12-15,0,,379,,36
163,Local force our.,2020-08-09,1,2020-09-05,223,539,53
164,That improve.,2021-11-12,1,2022-01-02,42,598,34
165,Buy yes.,2022-02-07,0,,506,,71
166,Hot avoid well down.,2020-09-28,0,,214,,44
167,Tax employee time.,2020-07-12,0,,257,,35
168,His build carry.,2020-08-02,0,,434,,62
169,Heavy.,2020-05-15,0,,312,,20
170,Anyone room main.,2021-02-19,1,2022-03-22,116,170,49
171,Hold far enter.,2021-09-25,1,2022-03-04,184,217,1
172,May increase.,2022-01-17,0,,279,,25
173,Fill statement nice.,2020-10-07,0,,481,,24
174,Work country.,2020-10-18,0,,933,,68
175,Evening season.,2021-09-05,1,2022-01-09,407,912,25
176,About doctor.,2021-01-14,1,2021-11-06,596,855,9
177,Myself offer idea.,2021-08-09,0,,385,,66
178,Increase add.,2021-02-10,1,2021-12-07,746,439,72
179,Special service.,2021-10-02,0,,639,,41
180,Line contain save.,2020-11-09,0,,176,,72
181,Check about know.,2020-11-08,0,,183,,22
182,Use alone area.,2021-01-17,0,,837,,62
183,Edge next just.,2020-09-13,1,2020-11-24,847,408,15
184,Soldier create.,2021-03-02,0,,73,,10
185,Call law field.,2021-04-10,1,2021-08-15,947,206,22
186,Friend in discover.,2020-05-08,0,,716,,56
187,Yeah of subject.,2021-07-05,0,,412,,94
188,Story air community.,2021-07-14,1,2021-11-18,708,299,68
189,Admit involve.,2021-11-22,1,2022-03-29,988,671,69
190,Do woman ready hope.,2020-05-07,0,,961,,40
191,Enough knowledge.,2022-01-26,1,2022-02-22,769,556,6
192,Exactly today court.,2021-08-13,0,,613,,65
193,Table reduce before.,2021-11-04,1,2021-12-20,670,301,54
194,Specific.,2021-08-26,1,2021-09-30,150,867,84
195,Difficult head but.,2021-08-07,0,,512,,54
196,Your rise man body.,2022-03-14,1,2022-04-05,323,242,83
197,Create keep occur.,2021-06-13,1,2021-11-01,210,579,58
198,Spring me pretty.,2022-03-29,0,,789,,51
199,Another father.,2021-09-20,1,2022-02-23,964,567,30
200,Practice system leg.,2020-05-02,0,,424,,90
201,Catch traditional.,2021-04-18,1,2022-04-05,206,806,96
202,Look outside hot.,2020-05-02,0,,392,,71
203,Whatever rich.,2020-08-15,1,2020-10-30,455,230,2
204,Test person kitchen.,2021-04-22,0,,298,,8
205,Task agreement.,2022-01-10,0,,28,,11
206,Minute rest support.,2020-09-19,1,2021-09-29,30,52,69
207,Threat none.,2021-09-30,0,,168,,16
208,Focus six.,2021-06-10,1,2022-02-14,939,551,88
209,Number like such.,2020-11-23,0,,545,,67
210,Big against study.,2020-05-15,0,,506,,53
211,Play guess nor rate.,2020-05-10,1,2021-01-02,752,50,99
212,Note quickly look.,2022-02-17,0,,524,,89
213,Since stuff modern.,2021-03-09,1,2021-08-23,338,622,97
214,Market their his.,2022-04-05,1,2022-04-14,592,147,28
215,Increase case cold.,2021-05-26,0,,350,,88
216,Teach Congress half.,2021-02-13,0,,503,,37
217,Accept plan hear.,2021-12-07,0,,991,,62
218,Bad concern large.,2021-02-14,1,2021-07-20,289,975,100
219,Nearly able.,2020-05-05,1,2020-11-02,651,490,31
220,Such area great.,2022-03-29,0,,931,,60
221,Collection common.,2021-12-17,1,2021-12-23,189,370,53
222,Allow care month.,2020-07-16,1,2020-12-21,669,952,16
223,Friend car should.,2021-08-05,0,,452,,52
224,Least show indeed.,2021-12-25,1,2022-04-09,674,349,98
225,Friend water seek.,2020-08-06,1,2021-03-16,181,242,74
226,Watch social three.,2020-11-03,1,2021-08-31,700,603,95
227,Property push.,2021-08-06,0,,118,,99
228,Above major of me.,2022-02-24,1,2022-04-20,758,481,19
229,Wrong dream mouth.,2020-09-18,1,2020-12-06,936,80,18
230,Already realize PM.,2020-09-20,1,2021-12-06,950,333,56
231,Plant blood teach.,2022-03-12,1,2022-04-03,619,31,11
232,Indeed education.,2021-07-25,1,2021-12-25,384,46,72
233,Mr scene pull more.,2022-03-12,1,2022-03-27,782,398,57
234,Real program pretty.,2021-04-21,0,,460,,66
235,Gas social field as.,2020-09-05,0,,478,,97
236,Color who professor.,2020-05-09,0,,49,,78
237,Democrat building.,2020-07-28,0,,729,,47
238,Thus common.,2021-10-09,0,,45,,69
239,Keep organization.,2022-03-15,0,,508,,87
240,Whatever decision.,2020-06-12,1,2020-08-20,874,898,85
241,Road those many.,2020-08-02,0,,658,,26
242,One with on author.,2022-02-14,1,2022-04-15,429,695,43
243,Growth pressure Mrs.,2021-08-10,0,,608,,6
244,Large beautiful see.,2021-09-30,1,2021-11-12,726,600,69
245,Raise attack guy.,2020-07-26,0,,482,,61
246,Step song.,2020-07-19,1,2021-01-12,28,996,37
247,Develop place.,2020-08-27,1,2021-06-28,23,290,44
248,Rather garden.,2021-07-09,0,,78,,13
249,Single foot seven.,2022-01-14,0,,203,,59
250,Easy including.,2021-01-24,0,,443,,20
251,Catch truth they.,2021-04-29,0,,744,,57
252,Mission fast.,2021-05-29,0,,680,,98
253,Yard indeed when.,2022-03-21,0,,554,,58
254,Several bill.,2021-11-10,1,2022-01-24,312,27,29
255,Customer man stop.,2020-09-27,0,,618,,22
256,Site when education.,2021-03-31,1,2022-02-20,1000,25,20
257,Evidence close than.,2022-03-12,0,,555,,21
258,Artist.,2020-05-13,0,,500,,43
259,Sure four event.,2020-05-03,1,2021-11-07,804,948,17
260,Worker let improve.,2021-09-07,1,2021-12-26,747,217,99
261,Bad list article.,2021-08-16,0,,673,,89
262,Represent laugh.,2021-02-21,1,2021-12-05,483,950,69
263,Call into deep main.,2020-10-18,0,,507,,60
264,Character get allow.,2021-12-29,0,,567,,98
265,Other degree.,2021-05-19,1,2021-06-06,41,417,72
266,Change clear bed.,2020-11-24,0,,189,,79
267,Explain dinner art.,2022-04-13,0,,687,,3
268,Threat system.,2022-03-09,1,2022-04-24,539,461,48
269,Two town find.,2021-10-13,1,2022-03-22,976,270,18
270,Young art low type.,2021-10-03,1,2022-04-23,786,162,57
271,Point list.,2021-10-31,0,,21,,3
272,Example fire full.,2021-11-06,1,2021-12-15,920,135,86
273,Research week price.,2021-09-05,1,2021-12-12,973,784,96
274,Quite society.,2020-11-07,0,,899,,19
275,Population among.,2021-10-10,0,,196,,82
276,Environmental loss.,2021-02-15,1,2021-06-18,254,44,59
277,Cultural leg in.,2021-05-28,0,,831,,42
278,Magazine address.,2021-03-28,1,2022-02-10,162,316,91
279,Certain much size.,2021-01-22,1,2021-07-08,51,862,76
280,All such tree red.,2021-07-09,0,,873,,38
281,Store organization.,2021-07-14,0,,13,,97
282,Stuff wrong agency.,2020-06-03,1,2022-02-17,303,427,71
283,Father try remain.,2022-02-04,0,,579,,13
284,Room bed wife see.,2021-12-12,1,2022-04-05,333,65,95
285,Live early miss.,2020-06-03,1,2022-01-11,322,450,78
286,About garden shake.,2020-10-09,0,,842,,100
287,Across better soon.,2020-08-02,1,2021-08-02,188,256,25
288,Rest cultural.,2022-03-05,1,2022-04-12,396,593,63
289,Day discuss level.,2020-11-09,0,,559,,24
290,What church close.,2021-04-19,1,2021-08-02,480,863,20
291,Total admit TV.,2021-08-23,1,2021-10-23,520,621,92
292,Wife thank kid.,2021-05-10,0,,402,,35
293,Result minute race.,2020-08-04,1,2020-10-18,614,122,91
294,Television southern.,2020-12-04,1,2022-02-25,655,933,74
295,Speak city chance.,2022-04-14,0,,802,,73
296,Bar line without.,2020-07-06,0,,42,,80
297,Citizen move lawyer.,2021-07-09,1,2022-01-04,941,171,66
298,Necessary hope.,2021-08-13,1,2022-03-17,168,854,49
299,Dream cover rate.,2021-05-30,0,,872,,66
300,Be indicate.,2020-08-10,0,,976,,20
301,Full worker claim.,2020-05-07,1,2021-03-30,866,756,34
302,Trip far explain.,2021-09-13,0,,858,,29
303,Nation not ever.,2020-09-14,0,,269,,67
304,Help performance.,2021-08-27,1,2021-12-04,698,243,69
305,Over through.,2020-10-30,1,2020-12-28,513,868,12
306,Outside might new.,2021-11-02,1,2022-02-19,328,837,66
307,Quality worker.,2021-08-28,0,,730,,27
308,Operation mouth.,2020-05-29,0,,858,,73
309,Executive watch.,2022-02-11,1,2022-04-24,806,659,73
310,No develop seven.,2021-09-11,0,,560,,81
311,Begin increase.,2021-02-13,0,,716,,52
312,Office lose reflect.,2021-03-03,1,2021-10-31,855,542,75
313,Involve enjoy.,2020-05-01,0,,764,,4
314,Bank sign arm so.,2022-04-19,1,2022-04-23,170,533,90
315,Late about number.,2021-12-15,0,,821,,12
316,Buy hit establish.,2022-01-24,1,2022-04-06,67,659,51
317,Live career so.,2021-05-12,1,2021-09-07,928,145,13
318,Station mother into.,2020-08-13,0,,829,,57
319,Agreement company.,2021-03-06,0,,473,,22
320,Kid expert keep.,2020-07-17,1,2020-11-15,411,472,6
321,Point parent.,2022-03-12,1,2022-04-01,730,246,29
322,Heart seek give.,2020-07-12,1,2020-07-18,206,612,69
323,Meet can customer.,2022-01-12,0,,174,,28
324,Current lose break.,2021-03-23,0,,198,,89
325,And peace store.,2021-12-18,1,2022-01-15,401,22,28
326,Coach since none.,2021-04-18,1,2021-10-29,861,585,36
327,Firm improve doctor.,2020-08-09,0,,184,,80
328,Long game important.,2021-03-13,1,2021-08-17,673,78,66
329,PM cost test reach.,2022-01-22,0,,926,,28
330,From actually catch.,2021-05-05,1,2021-12-10,173,126,80
331,Grow great kind too.,2021-07-14,0,,674,,37
332,Black serious how.,2020-11-17,1,2021-03-16,624,15,29
333,Serious think lay.,2021-11-27,1,2022-04-26,738,355,18
334,Explain identify.,2021-12-29,1,2022-01-03,329,418,89
335,Drop after week.,2022-04-18,0,,81,,33
336,Fall past break.,2021-03-16,1,2021-12-16,509,644,70
337,Human base us only.,2021-02-21,0,,887,,25
338,Trip against skill.,2020-12-13,0,,986,,91
339,Society collection.,2020-05-13,1,2022-01-19,276,527,25
340,Hospital community.,2021-08-27,1,2021-10-15,231,70,91
341,Look eat might TV.,2021-07-22,1,2021-08-31,516,313,67
342,Career thing many.,2020-12-29,0,,965,,20
343,Already thus.,2021-06-20,1,2021-07-02,760,913,48
344,Very husband do.,2021-08-15,0,,260,,43
345,Republican most.,2021-01-16,0,,99,,37
346,Buy order.,2021-04-19,0,,753,,34
347,Available enter.,2020-09-01,1,2021-01-12,484,917,15
348,Whether then.,2020-08-07,0,,893,,15
349,Life anyone senior.,2021-06-03,1,2021-10-06,962,625,76
350,Debate free because.,2022-03-18,1,2022-04-03,395,195,92
351,Relate start.,2022-04-21,0,,16,,41
352,Her nothing street.,2021-08-08,0,,844,,11
353,Ground hard yet.,2020-09-29,0,,519,,40
354,Phone player plant.,2021-06-11,0,,724,,34
355,Choose think bring.,2020-08-19,0,,695,,48
356,Wonder help drive.,2020-09-13,0,,74,,58
357,Why visit peace.,2020-08-24,0,,757,,93
358,Past visit us wind.,2021-07-02,0,,682,,52
359,General unit can.,2020-08-05,0,,387,,100
360,Short serve tax.,2022-02-08,0,,411,,27
361,Development itself.,2021-08-03,0,,166,,86
362,Keep behind whose.,2021-03-02,1,2021-05-28,769,763,9
363,Strategy author.,2021-06-08,1,2022-03-14,159,273,11
364,Town peace require.,2020-10-25,1,2022-03-23,121,273,84
365,Travel move pick.,2021-06-26,0,,238,,24
366,Democrat know we.,2021-08-28,0,,798,,36
367,Local best.,2021-04-25,1,2021-08-10,501,191,81
368,Want safe rich yeah.,2021-01-12,1,2022-03-02,652,325,77
369,Long present.,2021-07-18,1,2021-08-06,52,114,48
370,General establish.,2021-01-25,1,2021-02-11,744,652,39
371,Character up become.,2020-05-05,1,2022-03-21,22,292,25
372,Town leave whom.,2021-10-26,1,2022-03-20,118,565,3
373,Miss green ten red.,2021-11-15,0,,24,,39
374,Hope month walk.,2021-01-20,0,,339,,6
375,Cause hundred.,2021-06-19,1,2022-03-31,135,223,43
376,Mission detail type.,2020-10-08,0,,22,,70
377,Baby forget despite.,2021-06-19,0,,225,,53
378,Particular such.,2021-07-05,1,2022-03-17,559,369,49
379,Development.,2021-04-06,0,,999,,46
380,Animal light.,2020-09-08,0,,486,,77
381,Safe less.,2022-02-21,0,,775,,51
382,Or little.,2022-02-13,1,2022-02-21,975,176,88
383,To interest arm.,2022-03-24,0,,335,,50
384,Set small quality.,2021-05-23,0,,814,,21
385,Lose matter.,2020-09-10,1,2020-10-15,791,583,9
386,Whom present option.,2021-11-24,1,2022-03-08,594,445,11
387,Buy lay.,2021-11-15,1,2021-12-25,343,870,78
388,Us single hot add.,2022-02-08,0,,215,,13
389,Night someone.,2021-07-31,1,2021-08-10,199,691,15
390,Center view I he.,2021-12-23,1,2022-03-28,612,558,8
391,Themselves federal.,2022-04-13,0,,687,,8
392,Agent current.,2021-02-25,0,,529,,3
393,Its product small.,2022-04-04,0,,290,,84
394,So pattern expert.,2021-05-13,1,2021-09-28,271,724,23
395,Reach man look low.,2021-12-31,1,2022-04-14,917,989,50
396,Every discuss model.,2021-08-17,0,,238,,10
397,Question gas doctor.,2020-10-28,1,2021-10-18,207,132,80
398,Fly end attention.,2021-04-07,0,,916,,80
399,Blue once against.,2021-04-16,1,2021-10-01,770,583,25
400,South stuff trouble.,2021-10-24,0,,197,,92
401,Everything security.,2022-01-23,1,2022-01-28,38,463,6
402,Land the news sell.,2020-09-02,1,2021-12-30,113,117,53
403,Population by top.,2021-08-14,1,2022-01-19,25,804,79
404,Ok war another.,2021-07-10,0,,427,,98
405,Including visit.,2021-06-02,1,2021-12-18,586,426,51
406,Structure growth by.,2020-09-23,0,,812,,35
407,Build amount ground.,2022-03-01,0,,63,,31
408,Risk skin our.,2021-02-08,1,2021-07-27,583,578,90
409,Cup friend machine.,2022-04-07,0,,166,,39
410,Where special.,2021-07-08,1,2021-11-10,264,844,12
411,Though defense.,2021-11-22,0,,350,,74
412,Energy above able.,2021-12-20,0,,902,,4
413,Goal sign give.,2021-04-23,0,,417,,80
414,Opportunity pattern.,2021-07-25,1,2021-09-27,685,30,69
415,End newspaper big.,2021-01-10,1,2021-05-05,794,931,43
416,Board thank order.,2021-10-17,1,2022-01-08,530,759,67
417,Poor small put.,2020-06-03,0,,83,,22
418,Hand how word stuff.,2020-07-23,1,2021-03-25,515,61,87
419,Article agree.,2022-04-21,1,2022-04-25,562,766,45
420,Change current drop.,2020-09-07,0,,753,,6
421,Industry successful.,2020-07-15,0,,791,,61
422,Clearly physical.,2021-09-05,1,2021-11-25,552,939,40
423,Republican.,2021-12-07,1,2022-01-11,93,887,3
424,Assume important.,2020-05-08,0,,900,,86
425,Red successful down.,2021-08-14,1,2022-03-21,145,905,66
426,Tough coach impact.,2021-04-19,1,2021-11-01,787,775,68
427,Somebody need sing.,2020-06-22,1,2021-05-04,126,941,76
428,Spring case study.,2022-03-24,0,,291,,78
429,While hundred.,2021-02-19,1,2021-08-03,762,204,67
430,Daughter.,2021-12-10,1,2022-02-28,654,38,93
431,Charge oil fall.,2020-05-08,0,,259,,59
432,Window certain.,2020-07-06,1,2021-07-13,74,418,83
433,Perform for rate.,2020-09-17,1,2021-09-13,915,345,63
434,Let past nice how.,2021-04-07,1,2021-04-17,821,547,88
435,Somebody heart over.,2020-12-26,0,,925,,67
436,Tell ten central.,2021-06-29,1,2021-09-26,257,112,86
437,Approach pass force.,2020-12-31,0,,731,,92
438,Mrs campaign hear.,2020-07-18,0,,68,,20
439,Thousand by say.,2020-10-03,0,,115,,98
440,Produce fight.,2021-09-23,0,,149,,21
441,Word school stand.,2020-10-25,0,,699,,83
442,Special parent list.,2021-08-03,0,,178,,68
443,Together mean.,2021-04-23,0,,633,,70
444,War decision.,2020-11-26,1,2021-08-13,964,363,46
445,Up decide tend.,2021-06-21,1,2021-12-05,783,650,75
446,Evening including.,2021-11-04,0,,719,,58
447,Final top continue.,2021-02-01,1,2021-05-26,427,708,38
448,If radio operation.,2020-12-09,1,2022-01-16,513,966,69
449,Total yet speak.,2020-11-16,0,,22,,69
450,Sort voice would.,2021-03-23,0,,529,,37
451,Actually wonder.,2020-08-17,0,,298,,38
452,Next white time.,2020-05-08,1,2021-09-15,959,59,97
453,Fast develop need.,2020-04-27,1,2020-12-23,163,671,79
454,Look commercial.,2020-09-03,0,,710,,51
455,Century box even.,2021-04-11,1,2021-06-18,935,769,84
456,Site significant.,2022-01-25,0,,724,,74
457,Against price.,2021-08-01,1,2021-08-19,580,914,8
458,Employee suggest.,2020-08-17,0,,896,,51
459,Trouble area base.,2020-05-20,1,2022-01-18,643,438,30
460,Reveal attack.,2020-11-12,0,,208,,66
461,Think serve lay.,2021-08-04,1,2021-12-18,964,976,60
462,Cup talk compare.,2021-02-19,1,2021-06-16,422,981,76
463,Somebody finish if.,2020-08-22,0,,499,,6
464,Week day suddenly.,2021-08-06,1,2022-03-28,145,332,62
465,Ahead man support.,2021-06-02,0,,449,,36
466,Arrive time you.,2021-05-04,0,,909,,81
467,Top eye when police.,2022-02-26,1,2022-03-17,919,11,73
468,Hair interesting.,2021-07-03,0,,588,,83
469,School source.,2021-07-18,1,2022-01-24,425,879,97
470,History century.,2021-02-07,0,,556,,56
471,Approach those get.,2020-08-25,0,,920,,74
472,Art book well.,2021-04-02,1,2021-08-12,828,694,81
473,Already no very.,2021-01-27,0,,577,,81
474,They song parent.,2020-06-13,0,,864,,23
475,Some trade walk.,2021-05-03,1,2021-11-11,853,74,36
476,Response shake.,2021-07-15,1,2021-11-04,439,207,69
477,Final finally risk.,2022-02-27,0,,606,,82
478,Pay stuff two agree.,2022-04-12,0,,631,,42
479,Different direction.,2021-01-17,0,,229,,15
480,Result this school.,2020-09-01,0,,573,,80
481,Culture color.,2020-05-24,0,,900,,20
482,Fly clear interest.,2020-12-24,0,,981,,89
483,Test campaign rate.,2021-04-12,1,2021-05-15,579,7,100
484,Listen southern.,2020-08-01,0,,100,,73
485,Agent vote him.,2020-08-23,0,,237,,99
486,May different eight.,2020-10-27,1,2021-08-24,176,586,12
487,Former pressure.,2020-10-14,0,,825,,28
488,Station certain.,2021-07-10,1,2022-01-10,383,455,29
489,Forget take system.,2020-10-17,1,2021-01-13,66,268,38
490,Foot part spend.,2021-03-27,0,,768,,30
491,Describe wonder.,2020-10-10,1,2021-09-07,390,48,25
492,Real able dog.,2021-05-05,1,2021-10-12,676,731,92
493,Hope risk sometimes.,2022-01-21,0,,435,,54
494,Also away hope.,2020-12-11,1,2021-01-23,355,970,76
495,Upon agent identify.,2020-10-25,0,,769,,63
496,Yeah shoulder.,2022-04-07,0,,260,,29
497,Trade popular.,2021-03-22,1,2022-01-20,75,645,13
498,Sing do option.,2021-02-26,0,,969,,22
499,Way best by bit I.,2020-11-25,1,2020-12-04,921,771,57
500,Five deep mention.,2022-04-19,0,,280,,52
501,Leg notice past.,2021-08-03,0,,973,,44
502,Television year.,2020-05-23,1,2020-11-16,668,735,8
503,Catch exactly.,2021-08-15,1,2022-02-05,445,126,67
504,Yard tend born city.,2021-06-02,0,,44,,45
505,President car want.,2020-12-08,0,,335,,3
506,Decision relate.,2020-06-10,0,,233,,30
507,My top structure.,2022-02-24,1,2022-02-26,672,65,45
508,Science something.,2021-02-27,1,2021-06-22,666,931,39
509,Among among human.,2021-03-13,1,2022-04-07,133,486,73
510,Voice say lose no.,2020-09-13,1,2021-07-04,256,75,12
511,Write recent fly.,2020-11-03,0,,333,,35
512,Somebody everybody.,2021-11-09,0,,730,,36
513,Sometimes bed maybe.,2021-05-16,0,,834,,20
514,Religious then.,2020-05-06,1,2021-01-17,922,139,9
515,Less land line.,2021-10-12,1,2021-10-23,861,457,93
516,Great water part.,2021-02-02,0,,893,,51
517,Year loss special.,2021-09-08,1,2022-02-05,400,683,83
518,Station agent.,2021-12-23,1,2022-02-15,938,508,65
519,Officer series seek.,2020-05-28,0,,713,,70
520,Stuff outside why.,2021-04-27,1,2021-07-25,209,107,96
521,So college summer.,2020-10-30,0,,772,,5
522,Between third of.,2020-09-04,0,,641,,20
523,Consumer black.,2020-06-03,0,,813,,67
524,Mr yes best page.,2021-03-14,1,2022-03-22,484,810,32
525,Return yourself.,2021-11-10,1,2022-04-06,183,843,49
526,Song half course.,2022-02-25,1,2022-03-12,407,798,43
527,Special walk board.,2021-09-03,1,2021-09-13,827,658,89
528,Note firm either.,2020-09-28,1,2022-03-11,848,969,10
529,Notice type use.,2020-07-26,0,,949,,91
530,Process production.,2021-07-10,0,,555,,30
531,Base soldier window.,2020-07-26,1,2021-07-21,988,796,78
532,Alone box blue.,2021-09-23,0,,194,,74
533,Movie investment.,2021-02-22,0,,993,,13
534,Idea know call.,2022-02-04,1,2022-02-13,300,427,53
535,Identify account.,2021-10-10,1,2022-01-28,57,143,74
536,Thing participant.,2021-01-04,0,,887,,8
537,Activity success.,2020-07-23,0,,49,,29
538,Safe whole should.,2022-03-29,1,2022-04-06,1,383,92
539,Series public field.,2020-07-06,0,,357,,33
540,Start benefit build.,2020-11-29,1,2021-10-20,670,271,61
541,Fish instead type.,2021-08-31,1,2021-12-25,558,343,16
542,Prepare despite.,2021-03-04,0,,955,,61
543,Reality blue since.,2021-07-08,0,,216,,23
544,Sing degree market.,2021-04-02,0,,197,,36
545,Article scene.,2022-04-18,1,2022-04-18,172,457,67
546,Fine production go.,2022-03-21,1,2022-04-15,679,975,80
547,Better read fear.,2021-07-23,1,2022-03-30,800,273,76
548,Build sport page.,2022-02-18,1,2022-03-30,560,202,15
549,Interview bar face.,2021-01-22,1,2021-10-06,118,241,48
550,Main throughout.,2021-01-10,0,,632,,81
551,Perhaps account.,2021-12-24,1,2022-03-22,588,637,90
552,Power direction.,2022-01-26,0,,774,,51
553,Wait loss foreign.,2021-02-18,1,2021-05-19,591,882,12
554,Opportunity report.,2020-06-27,0,,900,,99
555,All edge can with.,2020-05-06,1,2021-01-31,288,196,21
556,Use discover anyone.,2021-09-07,1,2022-03-21,520,588,6
557,Energy let crime.,2021-08-12,0,,770,,51
558,Read we those.,2021-04-28,0,,290,,78
559,Might control tell.,2020-09-06,1,2021-07-03,545,245,64
560,Entire foot later.,2021-10-16,1,2022-04-07,798,6,4
561,Home those soon.,2020-05-16,0,,360,,42
562,Hit above although.,2021-02-23,0,,773,,50
563,Rate ahead he kind.,2020-11-16,0,,826,,50
564,Risk look cold then.,2021-12-16,0,,151,,29
565,Visit follow nice.,2020-06-30,1,2021-08-03,125,292,82
566,Right important.,2020-10-30,1,2021-09-16,175,113,79
567,Final newspaper.,2021-12-14,1,2022-04-04,877,322,65
568,Issue well military.,2022-02-24,0,,254,,18
569,Truth structure.,2021-10-27,0,,22,,14
570,Scene phone provide.,2022-04-18,1,2022-04-21,274,758,34
571,Congress arrive.,2021-01-23,0,,192,,61
572,Issue century tell.,2020-09-04,1,2021-12-28,654,873,68
573,Office herself big.,2020-07-10,1,2021-01-01,475,965,17
574,Recent range old.,2022-01-26,1,2022-04-17,155,192,99
575,Style consider.,2020-11-05,0,,216,,28
576,Down foreign effect.,2020-07-01,0,,673,,11
577,Ask head low town.,2022-03-02,0,,120,,27
578,Rest line fear plan.,2021-05-14,0,,681,,1
579,Enough baby return.,2020-06-25,1,2021-02-18,442,445,84
580,Agent wind ability.,2021-07-22,0,,257,,39
581,Red reach miss full.,2021-07-10,0,,671,,82
582,Heart down never.,2021-12-10,1,2022-03-08,427,606,13
583,What senior.,2022-01-18,0,,146,,7
584,Magazine over.,2021-05-14,1,2021-06-01,296,798,74
585,Professor.,2020-12-01,1,2022-03-27,917,449,68
586,Head improve.,2020-10-03,1,2022-03-10,458,789,42
587,Hair former create.,2020-11-01,1,2021-06-20,195,217,62
588,Day others amount.,2020-11-26,0,,395,,34
589,Chair hot more type.,2020-05-10,1,2021-11-16,675,1,76
590,Employee north.,2021-11-30,0,,284,,69
591,Need company toward.,2021-04-01,0,,448,,64
592,Beat cut amount.,2021-07-31,1,2022-01-30,449,925,77
593,West own generation.,2021-12-23,0,,72,,99
594,Control sense now.,2021-04-10,0,,431,,81
595,Bed together end.,2021-11-08,0,,969,,28
596,Miss worry also.,2021-01-28,1,2021-06-14,350,417,100
597,Truth sure floor.,2022-02-02,1,2022-04-05,348,811,59
598,Night that.,2020-09-03,1,2021-10-16,900,123,24
599,Compare next care.,2021-05-10,0,,983,,17
600,No trip crime but.,2020-12-24,1,2021-10-09,916,742,61
601,Deal business PM.,2021-09-17,1,2022-04-01,926,657,94
602,Have ability begin.,2021-11-08,1,2022-04-10,89,515,43
603,Good yeah clear.,2021-08-12,0,,519,,99
604,Whom street break.,2021-09-10,0,,892,,74
605,Wonder coach.,2021-05-23,0,,209,,77
606,Clearly effort.,2021-03-14,0,,702,,44
607,Image yourself.,2021-09-13,0,,691,,69
608,Cause tax stage.,2020-09-21,0,,593,,74
609,Character whatever.,2020-10-06,1,2021-02-15,415,783,83
610,Recognize once.,2022-04-05,1,2022-04-12,983,389,43
611,Argue term would.,2022-03-31,1,2022-04-21,732,952,47
612,Spend land view.,2022-04-06,1,2022-04-15,135,668,25
613,Picture make base.,2022-04-27,0,,815,,30
614,Husband cause prove.,2020-11-21,0,,556,,95
615,Across drop.,2020-08-27,1,2020-09-10,211,189,98
616,Skin kind language.,2021-06-09,0,,577,,28
617,Every phone similar.,2020-06-11,0,,214,,8
618,Weight hard.,2021-02-13,0,,508,,39
619,Them she plant name.,2022-04-22,1,2022-04-25,427,745,18
620,Which yourself.,2020-07-02,0,,952,,86
621,Speech own again.,2021-01-14,1,2021-08-12,180,977,79
622,Likely make likely.,2021-03-26,0,,355,,37
623,Agreement space.,2022-02-28,0,,717,,51
624,Certainly source.,2021-11-08,0,,671,,62
625,Central.,2021-06-29,0,,908,,42
626,Audience film owner.,2020-09-15,1,2021-10-19,534,752,15
627,Manage result today.,2021-12-09,1,2022-04-15,820,362,13
628,Concern again month.,2021-07-15,0,,795,,67
629,Small agency.,2020-08-20,1,2021-09-22,366,269,10
630,Energy popular.,2021-04-30,1,2022-03-05,1,225,13
631,Also party computer.,2020-06-18,0,,856,,33
632,National yeah allow.,2021-04-02,1,2022-03-25,827,503,35
633,Way among up writer.,2021-09-03,0,,288,,1
634,Appear laugh.,2020-06-03,0,,191,,32
635,Level data.,2021-05-19,0,,76,,2
636,Interview perform.,2021-08-24,0,,434,,67
637,Road baby require.,2021-07-06,0,,851,,68
638,Now now ever middle.,2021-01-28,0,,240,,83
639,Outside role policy.,2021-12-28,0,,890,,25
640,Goal city military.,2021-12-01,0,,802,,33
641,Teacher reduce send.,2022-04-12,0,,479,,87
642,Others media with.,2021-01-31,1,2021-10-20,861,820,88
643,Affect computer.,2021-07-05,0,,23,,38
644,Once there maintain.,2021-09-21,0,,200,,25
645,Dream teacher.,2022-03-25,0,,268,,88
646,Knowledge talk.,2021-04-19,1,2021-07-13,895,453,18
647,To case trial.,2020-07-20,1,2021-02-24,563,243,100
648,Understand event.,2021-03-08,1,2021-04-12,237,328,3
649,Impact speech air.,2020-10-22,0,,415,,69
650,Account tax human.,2020-11-23,0,,138,,5
651,Manage its within.,2021-10-16,1,2022-03-29,179,215,42
652,Right design deal.,2020-10-14,1,2021-06-12,444,455,46
653,More themselves off.,2021-08-06,0,,118,,51
654,Voice blood method.,2020-07-08,1,2022-01-12,904,658,77
655,Evening mouth.,2021-10-27,1,2022-03-25,739,354,94
656,Claim return real.,2021-12-31,0,,810,,10
657,Buy sound thing.,2021-01-03,1,2021-08-11,273,842,64
658,Especially she.,2022-01-31,1,2022-03-28,380,454,6
659,Child home response.,2020-09-25,1,2022-04-03,603,262,93
660,Lead gun understand.,2020-12-04,0,,182,,84
661,Include family.,2021-04-15,1,2021-08-24,117,819,82
662,Father occur fact.,2021-01-07,0,,138,,66
663,Treatment measure.,2022-01-06,1,2022-01-10,800,931,97
664,Many various.,2021-10-15,0,,521,,53
665,Each as learn.,2021-06-24,0,,870,,56
666,Process peace.,2022-04-17,0,,454,,45
667,Program power hotel.,2021-03-06,0,,711,,99
668,Guess necessary guy.,2022-04-19,0,,822,,4
669,Sister single ever.,2022-01-30,1,2022-02-23,136,661,18
670,Investment send.,2021-06-15,0,,172,,50
671,Ball thus degree.,2020-06-27,1,2021-04-16,329,727,46
672,Color ahead store.,2020-08-11,0,,907,,34
673,Knowledge here.,2021-01-05,0,,989,,45
674,Rich finally public.,2022-01-11,0,,397,,13
675,Prove both wish.,2022-03-05,0,,312,,38
676,Assume sell.,2021-10-23,0,,399,,78
677,Minute determine.,2020-09-19,1,2021-10-18,380,327,90
678,And reach pattern.,2021-12-12,1,2021-12-30,376,97,62
679,True seek apply.,2020-10-19,1,2021-11-12,141,670,44
680,Live stop quickly.,2021-04-11,0,,208,,21
681,Sell onto though.,2021-03-09,0,,452,,71
682,Only daughter well.,2021-02-20,0,,753,,12
683,Pick easy clear.,2021-01-06,0,,185,,32
684,Lead three day.,2021-06-02,1,2022-01-20,119,496,45
685,Arrive reach draw.,2021-05-09,1,2021-06-30,678,751,9
686,Quickly message.,2020-12-08,1,2021-06-26,572,924,23
687,Strong focus almost.,2021-04-20,1,2022-03-31,541,431,1
688,Game beautiful.,2021-10-19,1,2022-01-04,74,416,8
689,Stock suffer.,2020-06-25,0,,485,,99
690,Fast he you seek.,2022-02-08,0,,918,,38
691,Production center.,2021-03-21,0,,101,,35
692,Together federal.,2020-10-06,0,,636,,74
693,Throughout author.,2020-10-11,1,2021-11-14,273,695,70
694,Mrs environmental.,2021-10-06,0,,534,,57
695,Force very hot size.,2020-07-11,0,,52,,35
696,Agency power I room.,2020-09-23,0,,336,,37
697,Lose author mouth.,2020-10-13,1,2021-08-20,590,435,79
698,Nor part bring.,2022-02-11,0,,269,,61
699,Total now little.,2021-09-14,1,2021-10-28,158,83,32
700,Month yard those.,2021-06-04,0,,137,,39
701,Cost social.,2020-12-29,1,2021-08-13,439,522,81
702,Anyone low must.,2022-03-22,0,,787,,44
703,Little situation.,2021-01-22,0,,782,,15
704,Treat somebody.,2020-08-11,0,,35,,59
705,Here leg pass risk.,2020-09-06,1,2021-07-06,28,655,8
706,Arm million allow.,2021-09-07,0,,614,,13
707,Operation hear fear.,2021-09-25,1,2022-01-23,919,651,72
708,Organization.,2020-09-26,1,2021-05-27,354,857,26
709,Color or PM camera.,2021-10-20,1,2021-12-17,113,42,96
710,Your life rule.,2020-07-05,0,,177,,46
711,Answer dark accept.,2022-04-24,1,2022-04-26,736,748,49
712,System itself.,2022-04-10,0,,797,,2
713,Probably provide.,2021-08-04,0,,804,,98
714,History month.,2021-03-21,1,2021-09-02,859,466,61
715,Different almost.,2020-05-04,1,2022-04-22,844,743,85
716,Contain look man.,2020-11-21,0,,627,,58
717,Those huge parent.,2021-08-20,0,,183,,73
718,A personal perform.,2021-09-04,1,2022-01-05,694,608,13
719,Certain attorney.,2021-10-17,0,,680,,100
720,Market vote listen.,2021-08-27,0,,357,,86
721,Trouble enter music.,2021-09-12,0,,428,,28
722,Notice nor use art.,2021-05-04,0,,632,,71
723,Forward star.,2021-06-16,0,,120,,86
724,Experience be.,2021-11-04,1,2021-12-01,759,847,61
725,Age senior south.,2021-02-19,0,,826,,65
726,Organization nature.,2022-01-22,1,2022-03-22,643,583,77
727,Get design mind.,2021-01-20,0,,311,,8
728,Present house lay.,2021-04-25,1,2021-09-22,754,990,78
729,Address television.,2020-09-11,1,2022-04-05,453,614,24
730,War couple fill.,2021-06-21,1,2021-10-08,672,364,15
731,Weight star several.,2020-10-08,0,,769,,52
732,Congress dinner.,2021-03-08,1,2022-01-01,289,335,54
733,Class health big.,2021-11-13,0,,861,,94
734,Use arm list yard.,2020-12-06,1,2021-08-10,84,73,20
735,Subject save music.,2021-10-16,1,2021-10-29,744,977,11
736,Boy arrive yeah.,2021-12-18,1,2022-04-10,407,820,38
737,Notice watch.,2021-05-27,0,,403,,80
738,Address role would.,2020-11-20,1,2022-04-13,900,491,64
739,Including general.,2021-11-21,0,,121,,72
740,Man sort win.,2021-10-24,0,,161,,90
741,Yeah particular.,2020-08-02,0,,490,,56
742,Operation area.,2020-11-17,0,,537,,42
743,To animal tax.,2021-12-06,0,,572,,61
744,Represent long.,2022-03-23,1,2022-04-25,754,716,54
745,Business trade five.,2022-01-20,0,,412,,93
746,Raise remain animal.,2021-05-01,0,,199,,31
747,New national method.,2020-10-29,1,2021-09-24,287,181,63
748,Low stop forget.,2021-06-21,0,,543,,22
749,Soldier account.,2021-11-27,0,,221,,51
750,Head student pretty.,2021-10-11,0,,36,,92
751,Finish form kid.,2021-09-02,1,2021-11-10,848,371,45
752,Available could.,2021-02-17,1,2022-04-16,477,860,54
753,Strategy town claim.,2021-10-12,1,2022-03-04,997,75,14
754,Just unit try.,2020-08-06,1,2021-12-22,732,322,5
755,Prevent start send.,2021-01-08,0,,914,,75
756,Republican member.,2021-01-23,0,,927,,88
757,Building oil.,2020-11-14,0,,779,,94
758,Position your.,2022-02-16,0,,968,,32
759,Spend alone quality.,2022-01-18,0,,292,,60
760,Accept include.,2020-07-31,1,2021-07-06,267,684,53
761,Account truth under.,2021-02-27,1,2021-11-17,243,821,37
762,Fact produce.,2020-12-12,1,2020-12-29,610,707,30
763,Ever sell last even.,2020-04-27,0,,664,,4
764,Statement start.,2022-02-08,1,2022-03-20,652,852,7
765,Remain data whose.,2022-04-24,1,2022-04-27,238,526,1
766,Approach not.,2021-07-20,0,,627,,100
767,Heart help five.,2021-07-08,0,,604,,20
768,Assume such century.,2020-08-03,1,2021-11-26,481,919,12
769,Crime often begin.,2021-01-31,1,2021-08-07,198,647,87
770,Happen up only.,2022-01-14,0,,363,,94
771,Occur war heavy.,2021-05-02,0,,532,,23
772,Understand business.,2020-05-18,0,,798,,52
773,Each kid national.,2022-03-01,0,,662,,37
774,Front consider.,2021-03-17,1,2021-12-28,730,285,20
775,Body late bag per.,2022-01-07,0,,427,,1
776,Huge draw actually.,2020-08-07,0,,797,,13
777,Natural same manage.,2020-06-24,1,2021-01-17,867,518,32
778,Section real.,2021-12-31,0,,393,,70
779,Many yeah hear yet.,2022-01-20,1,2022-04-02,616,397,4
780,Science city choose.,2021-02-18,1,2022-04-18,513,874,32
781,Most argue ahead.,2020-06-20,1,2021-10-18,384,365,32
782,Maybe heavy line.,2021-02-01,1,2021-10-28,168,800,47
783,Coach gas after.,2021-07-07,1,2021-07-16,582,58,53
784,Particular remember.,2021-12-12,0,,529,,7
785,While between.,2020-12-31,1,2021-10-30,21,177,21
786,Hand idea become.,2021-07-08,1,2022-03-29,733,18,82
787,Marriage above.,2021-12-10,1,2022-01-08,927,259,6
788,Find give senior.,2021-05-20,1,2022-01-01,996,494,83
789,Pretty mean order.,2021-12-11,0,,562,,23
790,Hot senior.,2021-09-09,0,,793,,15
791,Surface free before.,2020-08-27,1,2020-12-01,565,599,35
792,May beyond watch.,2022-04-05,1,2022-04-06,785,873,63
793,Do look commercial.,2021-01-07,1,2022-01-04,265,128,73
794,Nor authority early.,2020-06-17,0,,106,,37
795,Why less some red.,2021-01-22,1,2021-06-29,164,65,23
796,School ask ahead.,2021-10-09,0,,325,,45
797,Section only reduce.,2020-05-26,1,2020-12-31,33,204,97
798,Staff popular.,2021-12-06,1,2022-01-15,359,122,26
799,Collection sell.,2020-05-13,0,,270,,69
800,Watch long total.,2022-04-22,1,2022-04-27,565,689,55
801,House head modern.,2020-12-28,1,2021-09-24,113,845,36
802,Front finally will.,2022-03-13,0,,437,,89
803,Girl could common.,2021-03-09,0,,687,,17
804,Draw class foot.,2020-07-01,0,,581,,48
805,Finish father.,2020-09-13,1,2021-10-09,27,660,48
806,Not eight ability.,2020-11-25,0,,974,,3
807,World identify.,2022-03-09,0,,563,,83
808,Sit book owner less.,2020-09-23,0,,552,,57
809,American inside.,2020-09-19,1,2021-06-06,121,923,8
810,Spend church song.,2020-06-23,0,,252,,11
811,A buy wide again.,2020-11-18,1,2021-07-31,545,148,39
812,Lawyer skill sort.,2021-06-24,1,2022-02-06,774,899,99
813,Base parent live.,2020-11-02,1,2022-01-07,23,625,21
814,Season total.,2021-01-08,1,2021-12-20,902,710,38
815,On direction land.,2021-01-15,0,,811,,81
816,Clearly knowledge.,2020-05-22,1,2021-03-22,268,833,90
817,Couple capital head.,2020-06-28,0,,979,,56
818,Clearly third ok.,2020-07-20,0,,865,,16
819,Yourself easy song.,2020-12-27,1,2021-05-09,478,617,7
820,Management because.,2021-08-09,0,,633,,56
821,Huge government.,2020-08-29,1,2021-11-20,296,840,6
822,Painting stock.,2021-04-01,1,2021-04-10,240,318,14
823,Candidate season.,2020-11-11,1,2021-11-15,791,711,53
824,Economy conference.,2021-09-30,0,,907,,20
825,Tough art best step.,2020-07-05,0,,597,,17
826,Staff business.,2021-09-01,0,,583,,96
827,Issue defense place.,2021-04-27,1,2021-12-02,340,960,30
828,Beyond store.,2021-01-14,1,2021-09-02,183,815,64
829,Under customer too.,2021-01-11,0,,14,,83
830,Defense interview.,2020-09-16,1,2021-12-07,75,754,15
831,Though reveal both.,2021-10-01,1,2022-02-10,15,81,47
832,Success ahead far.,2021-10-28,1,2022-04-03,334,573,40
833,Business one watch.,2021-04-13,0,,141,,71
834,Buy sell want upon.,2021-10-01,0,,199,,80
835,Director tree.,2021-07-05,0,,16,,55
836,Plant significant.,2021-07-08,1,2021-09-28,451,1,61
837,Above position.,2020-09-20,1,2022-04-05,51,294,17
838,Seat indeed notice.,2021-04-20,1,2021-12-13,910,982,58
839,Build practice.,2021-09-19,0,,363,,12
840,Eight almost read.,2021-01-09,1,2021-11-10,866,952,95
841,Quality thus.,2021-09-28,0,,934,,67
842,Bring always forget.,2020-07-26,0,,691,,95
843,I need dream chair.,2021-05-16,1,2021-08-09,148,750,70
844,Suddenly mission.,2020-11-29,1,2021-06-04,549,814,56
845,Describe money.,2021-02-25,1,2021-07-11,345,819,57
846,Work people the.,2020-10-24,0,,222,,39
847,Not appear home.,2021-05-12,0,,226,,80
848,Minute child.,2022-03-19,0,,55,,95
849,Out sea ball both.,2022-02-25,0,,518,,61
850,Fall story write.,2022-03-30,0,,474,,94
851,Consumer country.,2020-12-03,0,,536,,63
852,Garden per.,2020-11-27,1,2021-11-23,542,885,16
853,Kitchen concern.,2020-11-24,1,2021-04-08,816,295,100
854,Daughter this if.,2021-08-14,1,2021-08-18,35,379,84
855,Road second officer.,2022-04-27,0,,856,,72
856,Detail should.,2021-10-04,0,,95,,22
857,Fall hour rock.,2021-11-23,1,2022-03-26,428,70,52
858,Full none finish we.,2020-05-28,0,,401,,93
859,Also how right keep.,2021-03-12,1,2021-09-11,331,182,88
860,Once and human.,2020-08-09,0,,211,,64
861,Develop process.,2020-11-11,1,2021-04-29,156,590,59
862,Heavy family next.,2020-05-30,1,2022-04-24,294,710,39
863,Program imagine.,2021-07-17,1,2021-12-18,131,583,68
864,Why discussion.,2020-06-05,1,2021-03-06,58,293,76
865,Recognize every.,2020-06-20,1,2021-09-02,733,458,57
866,Claim mouth fear.,2020-07-26,0,,753,,72
867,Crime pick.,2021-01-30,0,,403,,4
868,Compare perhaps.,2021-03-02,0,,233,,65
869,Treat believe.,2021-04-23,0,,540,,63
870,Teach investment.,2022-02-23,0,,748,,12
871,Put personal fall.,2022-02-09,0,,113,,30
872,News after among.,2020-10-28,0,,264,,8
873,Its understand.,2020-10-01,1,2021-05-12,419,253,85
874,Note contain attack.,2021-05-15,1,2021-08-24,929,927,31
875,Likely low play.,2021-04-17,0,,287,,69
876,Before support food.,2021-11-04,1,2022-02-17,147,13,42
877,Lawyer artist son.,2020-06-07,1,2021-11-23,968,914,1
878,Compare main.,2022-01-12,0,,697,,75
879,Trade let smile.,2021-10-27,0,,527,,64
880,Middle me question.,2020-05-19,1,2020-09-03,466,860,70
881,Rather break bag.,2020-05-08,0,,832,,90
882,Many window new.,2022-04-07,1,2022-04-11,60,846,70
883,Positive the stuff.,2021-05-26,1,2022-03-23,832,849,54
884,Live city state.,2021-11-02,1,2021-12-05,97,166,24
885,Happen ready manage.,2020-06-13,1,2020-11-30,314,621,46
886,Newspaper.,2021-12-22,1,2022-04-26,680,820,80
887,Board camera.,2022-04-20,0,,818,,68
888,Member side own.,2022-01-13,0,,724,,70
889,Attorney it site.,2020-05-08,0,,99,,55
890,Cut remember hit.,2021-12-21,1,2022-03-03,270,743,24
891,Close attorney.,2021-05-25,0,,939,,91
892,Republican game kid.,2022-02-04,1,2022-03-16,638,661,23
893,Know late model.,2021-10-24,1,2022-04-22,626,798,88
894,Cold your store.,2021-02-15,1,2021-05-23,631,228,77
895,Bank recent.,2021-05-01,0,,977,,69
896,City success table.,2022-04-18,1,2022-04-21,166,257,97
897,Need sea future.,2021-09-09,0,,26,,8
898,Style ready.,2022-01-08,1,2022-01-11,61,983,57
899,Evidence blue.,2020-05-01,0,,268,,38
900,Future dream south.,2020-09-22,1,2021-09-24,326,606,3
901,Item director.,2021-02-10,0,,597,,83
902,Fill middle.,2021-05-10,1,2021-09-20,706,907,16
903,Bed realize minute.,2021-08-05,1,2022-01-06,444,661,44
904,Peace also everyone.,2022-04-01,1,2022-04-11,39,190,91
905,Senior attorney.,2020-07-27,0,,831,,30
906,Begin my above look.,2021-10-21,1,2022-03-17,326,665,73
907,Call letter number.,2020-10-08,0,,284,,71
908,Admit them.,2021-12-15,0,,420,,44
909,Professor indicate.,2020-06-06,0,,99,,40
910,Player age phone.,2020-07-17,1,2021-10-14,176,457,63
911,He development rise.,2022-03-07,0,,660,,12
912,Fish behavior who.,2020-12-28,0,,217,,27
913,Wall seven car arm.,2021-02-17,0,,460,,18
914,Field decision.,2021-06-23,1,2021-10-05,959,274,2
915,Environmental hold.,2022-01-11,1,2022-02-13,40,701,39
916,Budget but message.,2022-04-07,1,2022-04-25,4,664,66
917,Especially of.,2020-08-16,0,,484,,45
918,Article student.,2021-01-24,1,2022-04-20,250,289,96
919,Check while design.,2021-04-12,0,,750,,61
920,Require design drop.,2021-08-23,0,,635,,7
921,Whose amount.,2022-04-11,0,,514,,57
922,Somebody staff.,2021-05-03,0,,581,,71
923,Amount either few.,2022-02-21,0,,208,,38
924,Friend service give.,2021-02-20,0,,814,,95
925,Woman nice off real.,2020-06-06,0,,167,,70
926,Similar agent.,2021-07-22,1,2021-08-08,963,37,22
927,View grow education.,2020-12-03,1,2021-07-13,586,489,13
928,Return along friend.,2020-07-27,0,,259,,55
929,Street fire total.,2021-10-14,1,2022-03-12,49,960,71
930,Grow low attack now.,2020-08-12,0,,152,,32
931,Body small few meet.,2022-04-01,0,,697,,94
932,Teacher every.,2021-07-14,0,,704,,72
933,Eye interesting.,2021-10-25,0,,684,,26
934,Space such story.,2020-05-28,1,2022-04-25,772,985,75
935,Season offer tree.,2020-08-17,1,2020-08-29,824,258,15
936,Movie require.,2020-09-13,1,2021-06-08,537,497,25
937,Song during finish.,2022-03-25,1,2022-04-04,21,827,39
938,Itself something.,2021-07-08,0,,767,,92
939,Hundred property.,2022-01-13,0,,260,,58
940,Thousand mean west.,2021-09-17,0,,172,,80
941,Human most property.,2021-09-16,0,,457,,57
942,Boy attention.,2020-10-26,1,2022-04-01,177,726,37
943,Local event wide.,2021-03-16,0,,833,,27
944,Prepare card long.,2021-02-25,0,,600,,87
945,Important so song.,2021-11-03,0,,531,,90
946,Home just.,2021-05-30,0,,247,,23
947,Increase art.,2021-07-02,0,,311,,93
948,Hundred Mr eye.,2021-06-23,0,,631,,60
949,Six design house.,2021-06-20,0,,381,,8
950,Media production.,2021-12-23,1,2022-01-16,209,232,40
951,He culture police.,2021-05-06,1,2021-11-10,90,933,79
952,Account after.,2020-12-22,1,2021-05-29,625,303,64
953,Listen hair cause.,2020-10-20,0,,120,,87
954,Her process week.,2021-02-18,0,,287,,9
955,Shoulder minute.,2020-12-28,1,2021-08-14,861,116,78
956,Together student.,2020-08-18,1,2021-12-12,53,544,49
957,Adult ball receive.,2021-12-06,0,,43,,24
958,Community address.,2020-08-30,0,,559,,65
959,Turn same capital.,2021-08-01,1,2021-12-22,772,311,59
960,Move responsibility.,2021-03-06,0,,117,,1
961,Final thing cover.,2020-09-29,1,2021-09-21,9,564,90
962,Feel high bit.,2021-04-08,1,2021-08-17,399,617,18
963,Authority.,2020-07-17,0,,796,,23
964,Another forward son.,2021-09-19,1,2022-02-08,620,533,33
965,Couple life home.,2021-04-27,1,2022-02-21,803,156,2
966,Defense owner.,2020-05-17,0,,22,,2
967,Since soldier group.,2020-11-05,0,,924,,69
968,Everybody trouble.,2021-02-20,0,,322,,71
969,Go style respond.,2021-06-28,0,,89,,60
970,Protect particular.,2020-12-18,1,2021-07-17,966,140,5
971,Focus view go.,2020-09-21,1,2021-09-02,521,621,14
972,Industry whether.,2021-04-16,0,,931,,31
973,Growth difficult as.,2021-11-27,1,2022-03-30,508,480,24
974,Fill way however.,2022-03-08,0,,588,,85
975,Step what heart.,2020-05-23,0,,735,,53
976,Where society human.,2021-10-04,0,,758,,45
977,Let level candidate.,2020-06-07,1,2021-08-08,999,995,34
978,New clearly price.,2022-01-26,0,,359,,21
979,Leave quickly.,2020-07-02,0,,424,,62
980,Run color rate easy.,2021-03-16,1,2021-06-06,732,624,14
981,Benefit skill maybe.,2021-10-30,1,2022-01-15,984,31,70
982,History could too.,2021-03-28,1,2021-06-04,720,307,81
983,Already goal.,2021-06-08,1,2021-08-18,218,225,47
984,Agency car measure.,2020-08-21,0,,321,,24
985,Candidate dinner.,2021-06-01,0,,135,,20
986,Three physical.,2021-02-25,1,2021-11-24,720,619,78
987,Couple book ten for.,2021-05-19,1,2022-04-26,38,711,91
988,Politics baby.,2021-08-27,0,,767,,30
989,Anything production.,2020-05-28,0,,307,,95
990,Out leave than job.,2021-07-25,1,2021-08-05,134,190,68
991,Before ground.,2021-04-21,1,2021-09-01,719,341,17
992,Learn experience.,2021-04-30,1,2022-02-07,681,186,78
993,Reflect bring.,2020-06-15,0,,892,,16
994,On cold laugh time.,2022-03-06,1,2022-03-12,360,236,93
995,Drug seat already.,2021-11-17,1,2022-02-12,52,99,89
996,Difference attack.,2020-05-17,0,,665,,26
997,The talk amount.,2020-08-06,1,2021-08-28,817,37,51
998,Chair so nothing.,2022-04-19,1,2022-04-25,264,54,92
999,None occur become.,2021-03-22,0,,815,,47
1000,Seem recognize.,2021-07-31,1,2022-03-31,124,908,72
